{"data":{"siteSearchIndex":{"index":{"version":"0.9.5","fields":["title","date","excerpt","slug","timeToRead","categories","path"],"ref":"id","documentStore":{"docs":{"6d7a7e64-b3ab-5c09-a680-ec69fd7242a1":{"id":"6d7a7e64-b3ab-5c09-a680-ec69fd7242a1","date":"2018-01-01","title":"Markdown Cheatsheet","categories":["General"],"path":"/blog","slug":"/blog/Markdown Cheatsheet"},"27e5a37a-d19b-56b3-ae97-cbec63863e56":{"id":"27e5a37a-d19b-56b3-ae97-cbec63863e56","date":"2018-01-03","title":"Use component in MDX","categories":["Coding"],"path":"/blog","slug":"/blog/Use component in MDX"},"35f0ba55-7575-55e9-a6b9-ef11c8bbe74b":{"id":"35f0ba55-7575-55e9-a6b9-ef11c8bbe74b","date":"2018-01-05","title":"React-Live & Code example","categories":["Coding","Help"],"path":"/blog","slug":"/blog/React-Live & Code example"},"4f775957-2a77-554d-b8a2-e76871cd17d8":{"id":"4f775957-2a77-554d-b8a2-e76871cd17d8","date":"2019-01-20","title":"Using remark-images","categories":["Remark"],"path":"/blog","slug":"/blog/Using remark-images"}},"docInfo":{"6d7a7e64-b3ab-5c09-a680-ec69fd7242a1":{"title":2,"date":3,"excerpt":0,"slug":2,"timeToRead":0,"categories":1,"path":1},"27e5a37a-d19b-56b3-ae97-cbec63863e56":{"title":3,"date":3,"excerpt":0,"slug":3,"timeToRead":0,"categories":1,"path":1},"35f0ba55-7575-55e9-a6b9-ef11c8bbe74b":{"title":4,"date":3,"excerpt":0,"slug":4,"timeToRead":0,"categories":2,"path":1},"4f775957-2a77-554d-b8a2-e76871cd17d8":{"title":3,"date":3,"excerpt":0,"slug":3,"timeToRead":0,"categories":1,"path":1}},"length":4,"save":true},"index":{"title":{"root":{"docs":{},"df":0,"m":{"docs":{},"df":0,"a":{"docs":{},"df":0,"r":{"docs":{},"df":0,"k":{"docs":{},"df":0,"d":{"docs":{},"df":0,"o":{"docs":{},"df":0,"w":{"docs":{},"df":0,"n":{"docs":{"6d7a7e64-b3ab-5c09-a680-ec69fd7242a1":{"tf":1}},"df":1}}}}}}},"d":{"docs":{},"df":0,"x":{"docs":{"27e5a37a-d19b-56b3-ae97-cbec63863e56":{"tf":1}},"df":1}}},"c":{"docs":{},"df":0,"h":{"docs":{},"df":0,"e":{"docs":{},"df":0,"a":{"docs":{},"df":0,"t":{"docs":{},"df":0,"s":{"docs":{},"df":0,"h":{"docs":{},"df":0,"e":{"docs":{},"df":0,"e":{"docs":{},"df":0,"t":{"docs":{"6d7a7e64-b3ab-5c09-a680-ec69fd7242a1":{"tf":1}},"df":1}}}}}}}}},"o":{"docs":{},"df":0,"m":{"docs":{},"df":0,"p":{"docs":{},"df":0,"o":{"docs":{},"df":0,"n":{"docs":{"27e5a37a-d19b-56b3-ae97-cbec63863e56":{"tf":1}},"df":1}}}},"d":{"docs":{},"df":0,"e":{"docs":{"35f0ba55-7575-55e9-a6b9-ef11c8bbe74b":{"tf":1}},"df":1}}}},"u":{"docs":{},"df":0,"s":{"docs":{"27e5a37a-d19b-56b3-ae97-cbec63863e56":{"tf":1},"4f775957-2a77-554d-b8a2-e76871cd17d8":{"tf":1}},"df":2}},"r":{"docs":{},"df":0,"e":{"docs":{},"df":0,"a":{"docs":{},"df":0,"c":{"docs":{},"df":0,"t":{"docs":{"35f0ba55-7575-55e9-a6b9-ef11c8bbe74b":{"tf":1}},"df":1}}},"m":{"docs":{},"df":0,"a":{"docs":{},"df":0,"r":{"docs":{},"df":0,"k":{"docs":{"4f775957-2a77-554d-b8a2-e76871cd17d8":{"tf":1}},"df":1}}}}}},"l":{"docs":{},"df":0,"i":{"docs":{},"df":0,"v":{"docs":{},"df":0,"e":{"docs":{"35f0ba55-7575-55e9-a6b9-ef11c8bbe74b":{"tf":1}},"df":1}}}},"e":{"docs":{},"df":0,"x":{"docs":{},"df":0,"a":{"docs":{},"df":0,"m":{"docs":{},"df":0,"p":{"docs":{},"df":0,"l":{"docs":{"35f0ba55-7575-55e9-a6b9-ef11c8bbe74b":{"tf":1}},"df":1}}}}}},"i":{"docs":{},"df":0,"m":{"docs":{},"df":0,"a":{"docs":{},"df":0,"g":{"docs":{"4f775957-2a77-554d-b8a2-e76871cd17d8":{"tf":1}},"df":1}}}}}},"date":{"root":{"0":{"1":{"docs":{"6d7a7e64-b3ab-5c09-a680-ec69fd7242a1":{"tf":1.4142135623730951},"27e5a37a-d19b-56b3-ae97-cbec63863e56":{"tf":1},"35f0ba55-7575-55e9-a6b9-ef11c8bbe74b":{"tf":1},"4f775957-2a77-554d-b8a2-e76871cd17d8":{"tf":1}},"df":4},"3":{"docs":{"27e5a37a-d19b-56b3-ae97-cbec63863e56":{"tf":1}},"df":1},"5":{"docs":{"35f0ba55-7575-55e9-a6b9-ef11c8bbe74b":{"tf":1}},"df":1},"docs":{},"df":0},"2":{"0":{"1":{"8":{"docs":{"6d7a7e64-b3ab-5c09-a680-ec69fd7242a1":{"tf":1},"27e5a37a-d19b-56b3-ae97-cbec63863e56":{"tf":1},"35f0ba55-7575-55e9-a6b9-ef11c8bbe74b":{"tf":1}},"df":3},"9":{"docs":{"4f775957-2a77-554d-b8a2-e76871cd17d8":{"tf":1}},"df":1},"docs":{},"df":0},"docs":{"4f775957-2a77-554d-b8a2-e76871cd17d8":{"tf":1}},"df":1},"docs":{},"df":0},"docs":{},"df":0}},"excerpt":{"root":{"docs":{},"df":0}},"slug":{"root":{"docs":{},"df":0,"b":{"docs":{},"df":0,"l":{"docs":{},"df":0,"o":{"docs":{},"df":0,"g":{"docs":{},"df":0,"/":{"docs":{},"df":0,"m":{"docs":{},"df":0,"a":{"docs":{},"df":0,"r":{"docs":{},"df":0,"k":{"docs":{},"df":0,"d":{"docs":{},"df":0,"o":{"docs":{},"df":0,"w":{"docs":{},"df":0,"n":{"docs":{"6d7a7e64-b3ab-5c09-a680-ec69fd7242a1":{"tf":1}},"df":1}}}}}}}},"u":{"docs":{},"df":0,"s":{"docs":{"27e5a37a-d19b-56b3-ae97-cbec63863e56":{"tf":1},"4f775957-2a77-554d-b8a2-e76871cd17d8":{"tf":1}},"df":2}},"r":{"docs":{},"df":0,"e":{"docs":{},"df":0,"a":{"docs":{},"df":0,"c":{"docs":{},"df":0,"t":{"docs":{"35f0ba55-7575-55e9-a6b9-ef11c8bbe74b":{"tf":1}},"df":1}}}}}}}}}},"c":{"docs":{},"df":0,"h":{"docs":{},"df":0,"e":{"docs":{},"df":0,"a":{"docs":{},"df":0,"t":{"docs":{},"df":0,"s":{"docs":{},"df":0,"h":{"docs":{},"df":0,"e":{"docs":{},"df":0,"e":{"docs":{},"df":0,"t":{"docs":{"6d7a7e64-b3ab-5c09-a680-ec69fd7242a1":{"tf":1}},"df":1}}}}}}}}},"o":{"docs":{},"df":0,"m":{"docs":{},"df":0,"p":{"docs":{},"df":0,"o":{"docs":{},"df":0,"n":{"docs":{"27e5a37a-d19b-56b3-ae97-cbec63863e56":{"tf":1}},"df":1}}}},"d":{"docs":{},"df":0,"e":{"docs":{"35f0ba55-7575-55e9-a6b9-ef11c8bbe74b":{"tf":1}},"df":1}}}},"m":{"docs":{},"df":0,"d":{"docs":{},"df":0,"x":{"docs":{"27e5a37a-d19b-56b3-ae97-cbec63863e56":{"tf":1}},"df":1}}},"l":{"docs":{},"df":0,"i":{"docs":{},"df":0,"v":{"docs":{},"df":0,"e":{"docs":{"35f0ba55-7575-55e9-a6b9-ef11c8bbe74b":{"tf":1}},"df":1}}}},"e":{"docs":{},"df":0,"x":{"docs":{},"df":0,"a":{"docs":{},"df":0,"m":{"docs":{},"df":0,"p":{"docs":{},"df":0,"l":{"docs":{"35f0ba55-7575-55e9-a6b9-ef11c8bbe74b":{"tf":1}},"df":1}}}}}},"r":{"docs":{},"df":0,"e":{"docs":{},"df":0,"m":{"docs":{},"df":0,"a":{"docs":{},"df":0,"r":{"docs":{},"df":0,"k":{"docs":{"4f775957-2a77-554d-b8a2-e76871cd17d8":{"tf":1}},"df":1}}}}}},"i":{"docs":{},"df":0,"m":{"docs":{},"df":0,"a":{"docs":{},"df":0,"g":{"docs":{"4f775957-2a77-554d-b8a2-e76871cd17d8":{"tf":1}},"df":1}}}}}},"timeToRead":{"root":{"docs":{},"df":0}},"categories":{"root":{"docs":{},"df":0,"g":{"docs":{},"df":0,"e":{"docs":{},"df":0,"n":{"docs":{},"df":0,"e":{"docs":{},"df":0,"r":{"docs":{"6d7a7e64-b3ab-5c09-a680-ec69fd7242a1":{"tf":1}},"df":1}}}}},"c":{"docs":{},"df":0,"o":{"docs":{},"df":0,"d":{"docs":{},"df":0,"e":{"docs":{"27e5a37a-d19b-56b3-ae97-cbec63863e56":{"tf":1},"35f0ba55-7575-55e9-a6b9-ef11c8bbe74b":{"tf":1}},"df":2}}}},"h":{"docs":{},"df":0,"e":{"docs":{},"df":0,"l":{"docs":{},"df":0,"p":{"docs":{"35f0ba55-7575-55e9-a6b9-ef11c8bbe74b":{"tf":1}},"df":1}}}},"r":{"docs":{},"df":0,"e":{"docs":{},"df":0,"m":{"docs":{},"df":0,"a":{"docs":{},"df":0,"r":{"docs":{},"df":0,"k":{"docs":{"4f775957-2a77-554d-b8a2-e76871cd17d8":{"tf":1}},"df":1}}}}}}}},"path":{"root":{"docs":{},"df":0,"b":{"docs":{},"df":0,"l":{"docs":{},"df":0,"o":{"docs":{},"df":0,"g":{"docs":{"6d7a7e64-b3ab-5c09-a680-ec69fd7242a1":{"tf":1},"27e5a37a-d19b-56b3-ae97-cbec63863e56":{"tf":1},"35f0ba55-7575-55e9-a6b9-ef11c8bbe74b":{"tf":1},"4f775957-2a77-554d-b8a2-e76871cd17d8":{"tf":1}},"df":4}}}}}}},"pipeline":["trimmer","stopWordFilter","stemmer"]}}}}