{"polyfill":["/polyfill-2fee7d9cee31c73f7d1f.js"],"app":["/app-8aae79bff571a9ff1d24.js"],"component---cache-caches-gatsby-plugin-offline-app-shell-js":["/component---cache-caches-gatsby-plugin-offline-app-shell-js-ad6431e4664bcf916d19.js"],"component---node-modules-gatsby-tech-blog-theme-src-components-search-js":["/component---node-modules-gatsby-tech-blog-theme-src-components-search-js-208ebe4696c233c2fc94.js"],"component---node-modules-gatsby-tech-blog-theme-src-templates-categories-query-js":["/component---node-modules-gatsby-tech-blog-theme-src-templates-categories-query-js-6dbdecb9a43257b32665.js"],"component---node-modules-gatsby-tech-blog-theme-src-templates-category-js":["/component---node-modules-gatsby-tech-blog-theme-src-templates-category-js-8d65ad72bbfa113dbc99.js"],"component---node-modules-gatsby-tech-blog-theme-src-templates-post-js":["/component---node-modules-gatsby-tech-blog-theme-src-templates-post-js-5dd2debb6f3c24f428d4.js"],"component---node-modules-gatsby-tech-blog-theme-src-templates-posts-query-js":["/component---node-modules-gatsby-tech-blog-theme-src-templates-posts-query-js-80926171a4cbf0bb883c.js"],"component---src-pages-404-js":["/component---src-pages-404-js-930ff36961453a7aa0b2.js"],"component---src-pages-index-js":["/component---src-pages-index-js-f4767809710603d6d405.js"],"component---src-pages-projects-js":["/component---src-pages-projects-js-180ac259f5f6e9564b6c.js"]}