{"errors":[],"warnings":[],"namedChunkGroups":{"polyfill":{"chunks":[3,16],"assets":["webpack-runtime-f8aa9abd07e3ee0f841d.js","webpack-runtime-f8aa9abd07e3ee0f841d.js.map","polyfill-2fee7d9cee31c73f7d1f.js","polyfill-2fee7d9cee31c73f7d1f.js.map"],"children":{},"childAssets":{}},"app":{"chunks":[3,15,17,14,4],"assets":["webpack-runtime-f8aa9abd07e3ee0f841d.js","webpack-runtime-f8aa9abd07e3ee0f841d.js.map","framework-eb684e3e828ad13b3940.js","framework-eb684e3e828ad13b3940.js.map","styles.f9452ac9efad7476f7bd.css","styles-84a9bc99193fe5828ffe.js","styles-84a9bc99193fe5828ffe.js.map","f0e45107-cf090259b42c5324552f.js","f0e45107-cf090259b42c5324552f.js.map","app-8aae79bff571a9ff1d24.js","app-8aae79bff571a9ff1d24.js.map"],"children":{},"childAssets":{}},"component---cache-caches-gatsby-plugin-offline-app-shell-js":{"chunks":[5],"assets":["component---cache-caches-gatsby-plugin-offline-app-shell-js-ad6431e4664bcf916d19.js","component---cache-caches-gatsby-plugin-offline-app-shell-js-ad6431e4664bcf916d19.js.map"],"children":{},"childAssets":{}},"component---node-modules-gatsby-tech-blog-theme-src-components-search-js":{"chunks":[0,6],"assets":["88ddb820bfd22a000c58230a89d10b5e717d9fa6-facb5fe6ec9b8cad3dfc.js","88ddb820bfd22a000c58230a89d10b5e717d9fa6-facb5fe6ec9b8cad3dfc.js.map","component---node-modules-gatsby-tech-blog-theme-src-components-search-js-208ebe4696c233c2fc94.js","component---node-modules-gatsby-tech-blog-theme-src-components-search-js-208ebe4696c233c2fc94.js.map"],"children":{},"childAssets":{}},"component---node-modules-gatsby-tech-blog-theme-src-templates-categories-query-js":{"chunks":[0,7],"assets":["88ddb820bfd22a000c58230a89d10b5e717d9fa6-facb5fe6ec9b8cad3dfc.js","88ddb820bfd22a000c58230a89d10b5e717d9fa6-facb5fe6ec9b8cad3dfc.js.map","component---node-modules-gatsby-tech-blog-theme-src-templates-categories-query-js-6dbdecb9a43257b32665.js","component---node-modules-gatsby-tech-blog-theme-src-templates-categories-query-js-6dbdecb9a43257b32665.js.map"],"children":{},"childAssets":{}},"component---node-modules-gatsby-tech-blog-theme-src-templates-category-js":{"chunks":[0,8],"assets":["88ddb820bfd22a000c58230a89d10b5e717d9fa6-facb5fe6ec9b8cad3dfc.js","88ddb820bfd22a000c58230a89d10b5e717d9fa6-facb5fe6ec9b8cad3dfc.js.map","component---node-modules-gatsby-tech-blog-theme-src-templates-category-js-8d65ad72bbfa113dbc99.js","component---node-modules-gatsby-tech-blog-theme-src-templates-category-js-8d65ad72bbfa113dbc99.js.map"],"children":{},"childAssets":{}},"component---node-modules-gatsby-tech-blog-theme-src-templates-post-js":{"chunks":[0,9],"assets":["88ddb820bfd22a000c58230a89d10b5e717d9fa6-facb5fe6ec9b8cad3dfc.js","88ddb820bfd22a000c58230a89d10b5e717d9fa6-facb5fe6ec9b8cad3dfc.js.map","component---node-modules-gatsby-tech-blog-theme-src-templates-post-js-5dd2debb6f3c24f428d4.js","component---node-modules-gatsby-tech-blog-theme-src-templates-post-js-5dd2debb6f3c24f428d4.js.map"],"children":{},"childAssets":{}},"component---node-modules-gatsby-tech-blog-theme-src-templates-posts-query-js":{"chunks":[0,10],"assets":["88ddb820bfd22a000c58230a89d10b5e717d9fa6-facb5fe6ec9b8cad3dfc.js","88ddb820bfd22a000c58230a89d10b5e717d9fa6-facb5fe6ec9b8cad3dfc.js.map","component---node-modules-gatsby-tech-blog-theme-src-templates-posts-query-js-80926171a4cbf0bb883c.js","component---node-modules-gatsby-tech-blog-theme-src-templates-posts-query-js-80926171a4cbf0bb883c.js.map"],"children":{},"childAssets":{}},"component---src-pages-404-js":{"chunks":[11],"assets":["component---src-pages-404-js-930ff36961453a7aa0b2.js","component---src-pages-404-js-930ff36961453a7aa0b2.js.map"],"children":{},"childAssets":{}},"component---src-pages-index-js":{"chunks":[1,2,12],"assets":["1bfc9850-418d1d5b9e7e649fb6da.js","1bfc9850-418d1d5b9e7e649fb6da.js.map","c169b6902947a77fec05096cb4da441bfcc3d6f1-093365571bb03b38b83a.js","c169b6902947a77fec05096cb4da441bfcc3d6f1-093365571bb03b38b83a.js.map","component---src-pages-index-js-f4767809710603d6d405.js","component---src-pages-index-js-f4767809710603d6d405.js.map"],"children":{},"childAssets":{}},"component---src-pages-projects-js":{"chunks":[1,2,13],"assets":["1bfc9850-418d1d5b9e7e649fb6da.js","1bfc9850-418d1d5b9e7e649fb6da.js.map","c169b6902947a77fec05096cb4da441bfcc3d6f1-093365571bb03b38b83a.js","c169b6902947a77fec05096cb4da441bfcc3d6f1-093365571bb03b38b83a.js.map","component---src-pages-projects-js-180ac259f5f6e9564b6c.js","component---src-pages-projects-js-180ac259f5f6e9564b6c.js.map"],"children":{},"childAssets":{}}},"assetsByChunkName":{"polyfill":["webpack-runtime-f8aa9abd07e3ee0f841d.js","polyfill-2fee7d9cee31c73f7d1f.js"],"app":["webpack-runtime-f8aa9abd07e3ee0f841d.js","framework-eb684e3e828ad13b3940.js","styles.f9452ac9efad7476f7bd.css","styles-84a9bc99193fe5828ffe.js","f0e45107-cf090259b42c5324552f.js","app-8aae79bff571a9ff1d24.js"],"component---cache-caches-gatsby-plugin-offline-app-shell-js":["component---cache-caches-gatsby-plugin-offline-app-shell-js-ad6431e4664bcf916d19.js"],"component---node-modules-gatsby-tech-blog-theme-src-components-search-js":["88ddb820bfd22a000c58230a89d10b5e717d9fa6-facb5fe6ec9b8cad3dfc.js","component---node-modules-gatsby-tech-blog-theme-src-components-search-js-208ebe4696c233c2fc94.js"],"component---node-modules-gatsby-tech-blog-theme-src-templates-categories-query-js":["88ddb820bfd22a000c58230a89d10b5e717d9fa6-facb5fe6ec9b8cad3dfc.js","component---node-modules-gatsby-tech-blog-theme-src-templates-categories-query-js-6dbdecb9a43257b32665.js"],"component---node-modules-gatsby-tech-blog-theme-src-templates-category-js":["88ddb820bfd22a000c58230a89d10b5e717d9fa6-facb5fe6ec9b8cad3dfc.js","component---node-modules-gatsby-tech-blog-theme-src-templates-category-js-8d65ad72bbfa113dbc99.js"],"component---node-modules-gatsby-tech-blog-theme-src-templates-post-js":["88ddb820bfd22a000c58230a89d10b5e717d9fa6-facb5fe6ec9b8cad3dfc.js","component---node-modules-gatsby-tech-blog-theme-src-templates-post-js-5dd2debb6f3c24f428d4.js"],"component---node-modules-gatsby-tech-blog-theme-src-templates-posts-query-js":["88ddb820bfd22a000c58230a89d10b5e717d9fa6-facb5fe6ec9b8cad3dfc.js","component---node-modules-gatsby-tech-blog-theme-src-templates-posts-query-js-80926171a4cbf0bb883c.js"],"component---src-pages-404-js":["component---src-pages-404-js-930ff36961453a7aa0b2.js"],"component---src-pages-index-js":["1bfc9850-418d1d5b9e7e649fb6da.js","c169b6902947a77fec05096cb4da441bfcc3d6f1-093365571bb03b38b83a.js","component---src-pages-index-js-f4767809710603d6d405.js"],"component---src-pages-projects-js":["1bfc9850-418d1d5b9e7e649fb6da.js","c169b6902947a77fec05096cb4da441bfcc3d6f1-093365571bb03b38b83a.js","component---src-pages-projects-js-180ac259f5f6e9564b6c.js"]}}