{"data":{"siteSearchIndex":{"index":{"version":"0.9.5","fields":["title","date","excerpt","slug","timeToRead","categories","path"],"ref":"id","documentStore":{"docs":{"33a67a4c-c3b3-5492-ad87-0299c2a2137e":{"id":"33a67a4c-c3b3-5492-ad87-0299c2a2137e","date":"2018-01-03","title":"Use component in MDX","categories":["Coding"],"path":"/blog","slug":"/blog/Use component in MDX"},"5f8b16ae-0c8b-5ac1-a546-b018a573cf17":{"id":"5f8b16ae-0c8b-5ac1-a546-b018a573cf17","date":"2018-01-01","title":"Markdown Cheatsheet","categories":["General"],"path":"/blog","slug":"/blog/Markdown Cheatsheet"},"5d2791c3-61f3-5aa8-a947-389a93fa70d1":{"id":"5d2791c3-61f3-5aa8-a947-389a93fa70d1","date":"2018-01-05","title":"React-Live & Code example","categories":["Coding","Help"],"path":"/blog","slug":"/blog/React-Live & Code example"},"dc1ca88e-07ff-5696-bd6c-2a71fa7a1b76":{"id":"dc1ca88e-07ff-5696-bd6c-2a71fa7a1b76","date":"2019-01-20","title":"Using remark-images","categories":["Remark"],"path":"/blog","slug":"/blog/Using remark-images"}},"docInfo":{"33a67a4c-c3b3-5492-ad87-0299c2a2137e":{"title":3,"date":3,"excerpt":0,"slug":3,"timeToRead":0,"categories":1,"path":1},"5f8b16ae-0c8b-5ac1-a546-b018a573cf17":{"title":2,"date":3,"excerpt":0,"slug":2,"timeToRead":0,"categories":1,"path":1},"5d2791c3-61f3-5aa8-a947-389a93fa70d1":{"title":4,"date":3,"excerpt":0,"slug":4,"timeToRead":0,"categories":2,"path":1},"dc1ca88e-07ff-5696-bd6c-2a71fa7a1b76":{"title":3,"date":3,"excerpt":0,"slug":3,"timeToRead":0,"categories":1,"path":1}},"length":4,"save":true},"index":{"title":{"root":{"docs":{},"df":0,"u":{"docs":{},"df":0,"s":{"docs":{"33a67a4c-c3b3-5492-ad87-0299c2a2137e":{"tf":1},"dc1ca88e-07ff-5696-bd6c-2a71fa7a1b76":{"tf":1}},"df":2}},"c":{"docs":{},"df":0,"o":{"docs":{},"df":0,"m":{"docs":{},"df":0,"p":{"docs":{},"df":0,"o":{"docs":{},"df":0,"n":{"docs":{"33a67a4c-c3b3-5492-ad87-0299c2a2137e":{"tf":1}},"df":1}}}},"d":{"docs":{},"df":0,"e":{"docs":{"5d2791c3-61f3-5aa8-a947-389a93fa70d1":{"tf":1}},"df":1}}},"h":{"docs":{},"df":0,"e":{"docs":{},"df":0,"a":{"docs":{},"df":0,"t":{"docs":{},"df":0,"s":{"docs":{},"df":0,"h":{"docs":{},"df":0,"e":{"docs":{},"df":0,"e":{"docs":{},"df":0,"t":{"docs":{"5f8b16ae-0c8b-5ac1-a546-b018a573cf17":{"tf":1}},"df":1}}}}}}}}}},"m":{"docs":{},"df":0,"d":{"docs":{},"df":0,"x":{"docs":{"33a67a4c-c3b3-5492-ad87-0299c2a2137e":{"tf":1}},"df":1}},"a":{"docs":{},"df":0,"r":{"docs":{},"df":0,"k":{"docs":{},"df":0,"d":{"docs":{},"df":0,"o":{"docs":{},"df":0,"w":{"docs":{},"df":0,"n":{"docs":{"5f8b16ae-0c8b-5ac1-a546-b018a573cf17":{"tf":1}},"df":1}}}}}}}},"r":{"docs":{},"df":0,"e":{"docs":{},"df":0,"a":{"docs":{},"df":0,"c":{"docs":{},"df":0,"t":{"docs":{"5d2791c3-61f3-5aa8-a947-389a93fa70d1":{"tf":1}},"df":1}}},"m":{"docs":{},"df":0,"a":{"docs":{},"df":0,"r":{"docs":{},"df":0,"k":{"docs":{"dc1ca88e-07ff-5696-bd6c-2a71fa7a1b76":{"tf":1}},"df":1}}}}}},"l":{"docs":{},"df":0,"i":{"docs":{},"df":0,"v":{"docs":{},"df":0,"e":{"docs":{"5d2791c3-61f3-5aa8-a947-389a93fa70d1":{"tf":1}},"df":1}}}},"e":{"docs":{},"df":0,"x":{"docs":{},"df":0,"a":{"docs":{},"df":0,"m":{"docs":{},"df":0,"p":{"docs":{},"df":0,"l":{"docs":{"5d2791c3-61f3-5aa8-a947-389a93fa70d1":{"tf":1}},"df":1}}}}}},"i":{"docs":{},"df":0,"m":{"docs":{},"df":0,"a":{"docs":{},"df":0,"g":{"docs":{"dc1ca88e-07ff-5696-bd6c-2a71fa7a1b76":{"tf":1}},"df":1}}}}}},"date":{"root":{"0":{"1":{"docs":{"33a67a4c-c3b3-5492-ad87-0299c2a2137e":{"tf":1},"5f8b16ae-0c8b-5ac1-a546-b018a573cf17":{"tf":1.4142135623730951},"5d2791c3-61f3-5aa8-a947-389a93fa70d1":{"tf":1},"dc1ca88e-07ff-5696-bd6c-2a71fa7a1b76":{"tf":1}},"df":4},"3":{"docs":{"33a67a4c-c3b3-5492-ad87-0299c2a2137e":{"tf":1}},"df":1},"5":{"docs":{"5d2791c3-61f3-5aa8-a947-389a93fa70d1":{"tf":1}},"df":1},"docs":{},"df":0},"2":{"0":{"1":{"8":{"docs":{"33a67a4c-c3b3-5492-ad87-0299c2a2137e":{"tf":1},"5f8b16ae-0c8b-5ac1-a546-b018a573cf17":{"tf":1},"5d2791c3-61f3-5aa8-a947-389a93fa70d1":{"tf":1}},"df":3},"9":{"docs":{"dc1ca88e-07ff-5696-bd6c-2a71fa7a1b76":{"tf":1}},"df":1},"docs":{},"df":0},"docs":{"dc1ca88e-07ff-5696-bd6c-2a71fa7a1b76":{"tf":1}},"df":1},"docs":{},"df":0},"docs":{},"df":0}},"excerpt":{"root":{"docs":{},"df":0}},"slug":{"root":{"docs":{},"df":0,"b":{"docs":{},"df":0,"l":{"docs":{},"df":0,"o":{"docs":{},"df":0,"g":{"docs":{},"df":0,"/":{"docs":{},"df":0,"u":{"docs":{},"df":0,"s":{"docs":{"33a67a4c-c3b3-5492-ad87-0299c2a2137e":{"tf":1},"dc1ca88e-07ff-5696-bd6c-2a71fa7a1b76":{"tf":1}},"df":2}},"m":{"docs":{},"df":0,"a":{"docs":{},"df":0,"r":{"docs":{},"df":0,"k":{"docs":{},"df":0,"d":{"docs":{},"df":0,"o":{"docs":{},"df":0,"w":{"docs":{},"df":0,"n":{"docs":{"5f8b16ae-0c8b-5ac1-a546-b018a573cf17":{"tf":1}},"df":1}}}}}}}},"r":{"docs":{},"df":0,"e":{"docs":{},"df":0,"a":{"docs":{},"df":0,"c":{"docs":{},"df":0,"t":{"docs":{"5d2791c3-61f3-5aa8-a947-389a93fa70d1":{"tf":1}},"df":1}}}}}}}}}},"c":{"docs":{},"df":0,"o":{"docs":{},"df":0,"m":{"docs":{},"df":0,"p":{"docs":{},"df":0,"o":{"docs":{},"df":0,"n":{"docs":{"33a67a4c-c3b3-5492-ad87-0299c2a2137e":{"tf":1}},"df":1}}}},"d":{"docs":{},"df":0,"e":{"docs":{"5d2791c3-61f3-5aa8-a947-389a93fa70d1":{"tf":1}},"df":1}}},"h":{"docs":{},"df":0,"e":{"docs":{},"df":0,"a":{"docs":{},"df":0,"t":{"docs":{},"df":0,"s":{"docs":{},"df":0,"h":{"docs":{},"df":0,"e":{"docs":{},"df":0,"e":{"docs":{},"df":0,"t":{"docs":{"5f8b16ae-0c8b-5ac1-a546-b018a573cf17":{"tf":1}},"df":1}}}}}}}}}},"m":{"docs":{},"df":0,"d":{"docs":{},"df":0,"x":{"docs":{"33a67a4c-c3b3-5492-ad87-0299c2a2137e":{"tf":1}},"df":1}}},"l":{"docs":{},"df":0,"i":{"docs":{},"df":0,"v":{"docs":{},"df":0,"e":{"docs":{"5d2791c3-61f3-5aa8-a947-389a93fa70d1":{"tf":1}},"df":1}}}},"e":{"docs":{},"df":0,"x":{"docs":{},"df":0,"a":{"docs":{},"df":0,"m":{"docs":{},"df":0,"p":{"docs":{},"df":0,"l":{"docs":{"5d2791c3-61f3-5aa8-a947-389a93fa70d1":{"tf":1}},"df":1}}}}}},"r":{"docs":{},"df":0,"e":{"docs":{},"df":0,"m":{"docs":{},"df":0,"a":{"docs":{},"df":0,"r":{"docs":{},"df":0,"k":{"docs":{"dc1ca88e-07ff-5696-bd6c-2a71fa7a1b76":{"tf":1}},"df":1}}}}}},"i":{"docs":{},"df":0,"m":{"docs":{},"df":0,"a":{"docs":{},"df":0,"g":{"docs":{"dc1ca88e-07ff-5696-bd6c-2a71fa7a1b76":{"tf":1}},"df":1}}}}}},"timeToRead":{"root":{"docs":{},"df":0}},"categories":{"root":{"docs":{},"df":0,"c":{"docs":{},"df":0,"o":{"docs":{},"df":0,"d":{"docs":{},"df":0,"e":{"docs":{"33a67a4c-c3b3-5492-ad87-0299c2a2137e":{"tf":1},"5d2791c3-61f3-5aa8-a947-389a93fa70d1":{"tf":1}},"df":2}}}},"g":{"docs":{},"df":0,"e":{"docs":{},"df":0,"n":{"docs":{},"df":0,"e":{"docs":{},"df":0,"r":{"docs":{"5f8b16ae-0c8b-5ac1-a546-b018a573cf17":{"tf":1}},"df":1}}}}},"h":{"docs":{},"df":0,"e":{"docs":{},"df":0,"l":{"docs":{},"df":0,"p":{"docs":{"5d2791c3-61f3-5aa8-a947-389a93fa70d1":{"tf":1}},"df":1}}}},"r":{"docs":{},"df":0,"e":{"docs":{},"df":0,"m":{"docs":{},"df":0,"a":{"docs":{},"df":0,"r":{"docs":{},"df":0,"k":{"docs":{"dc1ca88e-07ff-5696-bd6c-2a71fa7a1b76":{"tf":1}},"df":1}}}}}}}},"path":{"root":{"docs":{},"df":0,"b":{"docs":{},"df":0,"l":{"docs":{},"df":0,"o":{"docs":{},"df":0,"g":{"docs":{"33a67a4c-c3b3-5492-ad87-0299c2a2137e":{"tf":1},"5f8b16ae-0c8b-5ac1-a546-b018a573cf17":{"tf":1},"5d2791c3-61f3-5aa8-a947-389a93fa70d1":{"tf":1},"dc1ca88e-07ff-5696-bd6c-2a71fa7a1b76":{"tf":1}},"df":4}}}}}}},"pipeline":["trimmer","stopWordFilter","stemmer"]}}}}